Site_id	Site_name	Parameters	Axis_title
435152112443101	ANP 6	CL, Na, SO4	Concentration, in milligrams per liter
435152112443101	ANP 6	NO3+NO2, O-PO4 as P	Concentration, in milligrams per liter
434856112400001	ANP 9	CL, Na	Concentration, in milligrams per liter
434856112400001	ANP 9	NO3+NO2	Concentration, in milligrams per liter
434856112400001	ANP 9	AS, CR, MO, U, ZN	Concentration, in micrograms per liter
434856112400001	ANP 9	BA	Concentration, in micrograms per liter
433509112384801	ARBOR TEST	CL	Concentration, in milligrams per liter
433223112470201	AREA 2	CL, Na, SO4	Concentration, in milligrams per liter
433223112470201	AREA 2	NO3+NO2	Concentration, in milligrams per liter
432638112484101	ATOMIC CITY	CL, Na	Concentration, in milligrams per liter
433042112535101	BADGING FACILITY	CL, Na, SO4	Concentration, in milligrams per liter
433042112535101	BADGING FACILITY	NO3+NO2	Concentration, in milligrams per liter
433440112554401	CPP 4	CL, Na	Concentration, in milligrams per liter
433440112554401	CPP 4	NO3+NO2	Concentration, in milligrams per liter
433051113002601	EBR 1	CL, Na	Concentration, in milligrams per liter
433051113002601	EBR 1	NO3+NO2	Concentration, in milligrams per liter
433548112562301	FIRE STA 2	CL, Na	Concentration, in milligrams per liter
433548112562301	FIRE STA 2	NO3+NO2	Concentration, in milligrams per liter
433256113002501	HIGHWAY 3	CL, Na	Concentration, in milligrams per liter
433256113002501	HIGHWAY 3	NO3+NO2	Concentration, in milligrams per liter
435153112420501	IET 1 DISP	CL, Na, SO4	Concentration, in milligrams per liter
435153112420501	IET 1 DISP	NO3+NO2, O-PO4 as P, NH3	Concentration, in milligrams per liter
432533112504901	LEO ROGERS 1	CL, Na	Concentration, in milligrams per liter
435038112453401	NO NAME 1	CL, Na	Concentration, in milligrams per liter
435038112453401	NO NAME 1	NO3+NO2	Concentration, in milligrams per liter
435038112453401	NO NAME 1	AS, CR, MO, U	Concentration, in micrograms per liter
435038112453401	NO NAME 1	BA	Concentration, in micrograms per liter
433449112523101	NPR TEST	CL, Na	Concentration, in milligrams per liter
433449112523101	NPR TEST	NO3+NO2	Concentration, in milligrams per liter
434941112454201	PSTF TEST	CL, Na	Concentration, in milligrams per liter
434941112454201	PSTF TEST	NO3+NO2	Concentration, in milligrams per liter
434941112454201	PSTF TEST	MO, U	Concentration, in micrograms per liter
434941112454201	PSTF TEST	BA	Concentration, in micrograms per liter
435419112453101	P AND W 2	CL, Na	Concentration, in milligrams per liter
435419112453101	P AND W 2	NO3+NO2	Concentration, in milligrams per liter
433617112542001	SITE 4	CL, Na, SO4	Concentration, in milligrams per liter
433123112530101	SITE 9	CL, Na, SO4	Concentration, in milligrams per liter
433123112530101	SITE 9	NO3+NO2	Concentration, in milligrams per liter
434334112463101	SITE 14	CL, Na	Concentration, in milligrams per liter
434334112463101	SITE 14	NO3+NO2	Concentration, in milligrams per liter
434027112575701	SITE 17	CL, Na, SO4	Concentration, in milligrams per liter
434027112575701	SITE 17	NO3+NO2	Concentration, in milligrams per liter
433522112582101	SITE 19	CL, Na, SO4	Concentration, in milligrams per liter
433252112520301	SPERT 1	CL, Na	Concentration, in milligrams per liter
433252112520301	SPERT 1	NO3+NO2	Concentration, in milligrams per liter
433521112573801	TRA 1	CL, Na, SO4	Concentration, in milligrams per liter
433522112573501	TRA 3	CL, Na, SO4	Concentration, in milligrams per liter
433521112574201	TRA 4	CL, Na, SO4	Concentration, in milligrams per liter
432700112470801	USGS 1	CL, Na	Concentration, in milligrams per liter
432700112470801	USGS 1	NO3+NO2, TOC	Concentration, in milligrams per liter
433320112432301	USGS 2	CL, Na, SO4	Concentration, in milligrams per liter
433320112432301	USGS 2	NO3+NO2	Concentration, in milligrams per liter
434657112282201	USGS 4	CL, Na	Concentration, in milligrams per liter
434657112282201	USGS 4	NO3+NO2, TOC	Concentration, in milligrams per liter
433543112493801	USGS 5	CL, Na	Concentration, in milligrams per liter
433543112493801	USGS 5	NO3+NO2	Concentration, in milligrams per liter
434031112453701	USGS 6	CL, Na, SO4	Concentration, in milligrams per liter
434031112453701	USGS 6	NO3+NO2	Concentration, in milligrams per liter
434915112443901	USGS 7	CL, Na	Concentration, in milligrams per liter
434915112443901	USGS 7	NO3+NO2, F	Concentration, in milligrams per liter
434915112443901	USGS 7	AS, MN, U	Concentration, in micrograms per liter
434915112443901	USGS 7	BA	Concentration, in micrograms per liter
433121113115801	USGS 8	CL, Na	Concentration, in milligrams per liter
433121113115801	USGS 8	NO3+NO2	Concentration, in milligrams per liter
432740113044501	USGS 9	CL, Na	Concentration, in milligrams per liter
432740113044501	USGS 9	NO3+NO2	Concentration, in milligrams per liter
432336113064201	USGS 11	CL, Na	Concentration, in milligrams per liter
432336113064201	USGS 11	NO3+NO2	Concentration, in milligrams per liter
434126112550701	USGS 12	CL, Na, SO4	Concentration, in milligrams per liter
434126112550701	USGS 12	NO3+NO2, BR	Concentration, in milligrams per liter
432019112563201	USGS 14 MV-61	CL, Na	Concentration, in milligrams per liter
434234112551701	USGS 15	CL, Na, SO4	Concentration, in milligrams per liter
434234112551701	USGS 15	NO3+NO2, BR	Concentration, in milligrams per liter
433937112515401	USGS 17	CL, Na, SO4	Concentration, in milligrams per liter
433937112515401	USGS 17	NO3+NO2, F	Concentration, in milligrams per liter
434540112440901	USGS 18	CL, Na, SO4	Concentration, in milligrams per liter
434540112440901	USGS 18	NO3+NO2	Concentration, in milligrams per liter
434426112575701	USGS 19	CL, Na	Concentration, in milligrams per liter
434426112575701	USGS 19	NO3+NO2	Concentration, in milligrams per liter
433422113031701	USGS 22	CL, Na	Concentration, in milligrams per liter
434055112595901	USGS 23	CL, Na	Concentration, in milligrams per liter
434055112595901	USGS 23	NO3+NO2	Concentration, in milligrams per liter
435212112394001	USGS 26	CL, Na	Concentration, in milligrams per liter
435212112394001	USGS 26	NO3+NO2	Concentration, in milligrams per liter
435212112394001	USGS 26	AS, MO, U	Concentration, in micrograms per liter
434851112321801	USGS 27	CL, Na	Concentration, in milligrams per liter
434851112321801	USGS 27	NO3+NO2, TOC	Concentration, in milligrams per liter
434407112285101	USGS 29	CL, Na, SO4	Concentration, in milligrams per liter
434407112285101	USGS 29	NO3+NO2	Concentration, in milligrams per liter
434625112342101	USGS 31	CL, Na, SO4	Concentration, in milligrams per liter
434625112342101	USGS 31	NO3+NO2	Concentration, in milligrams per liter
434444112322101	USGS 32	CL, Na, SO4	Concentration, in milligrams per liter
434444112322101	USGS 32	NO3+NO2	Concentration, in milligrams per liter
433023112561501	USGS 83	CL, Na	Concentration, in milligrams per liter
433023112561501	USGS 83	NO3+NO2	Concentration, in milligrams per liter
432935113080001	USGS 86	CL, Na	Concentration, in milligrams per liter
432935113080001	USGS 86	NO3+NO2	Concentration, in milligrams per liter
433807112551501	USGS 97	CL, Na, SO4	Concentration, in milligrams per liter
433807112551501	USGS 97	NO3+NO2, BR	Concentration, in milligrams per liter
433807112551501	USGS 97	AS, MO, U	Concentration, in micrograms per liter
433807112551501	USGS 97	BA	Concentration, in micrograms per liter
433657112563601	USGS 98	CL, Na, SO4	Concentration, in milligrams per liter
433657112563601	USGS 98	NO3+NO2, BR	Concentration, in milligrams per liter
433657112563601	USGS 98	 U, ZN	Concentration, in micrograms per liter
433657112563601	USGS 98	BA	Concentration, in micrograms per liter
433705112552101	USGS 99	CL, Na, SO4	Concentration, in milligrams per liter
433705112552101	USGS 99	NO3+NO2, BR, TOC	Concentration, in milligrams per liter
433503112400701	USGS 100	CL, Na, SO4	Concentration, in milligrams per liter
433255112381801	USGS 101	CL, Na	Concentration, in milligrams per liter
433255112381801	USGS 101	NO3+NO2	Concentration, in milligrams per liter
433853112551601	USGS 102	CL, Na, SO4	Concentration, in milligrams per liter
433853112551601	USGS 102	BR, F	Concentration, in milligrams per liter
433853112551601	USGS 102	NO3+NO2, TOC	Concentration, in milligrams per liter
432714112560701	USGS 103	CL, Na	Concentration, in milligrams per liter
432714112560701	USGS 103	NO3+NO2	Concentration, in milligrams per liter
432942112532801	USGS 107	CL, Na	Concentration, in milligrams per liter
432942112532801	USGS 107	NO3+NO2	Concentration, in milligrams per liter
432701113025601	USGS 109	CL, Na	Concentration, in milligrams per liter
432701113025601	USGS 109	NO3+NO2	Concentration, in milligrams per liter
432717112501501	USGS 110	CL, Na	Concentration, in milligrams per liter
432717112501502	USGS 110A	CL, Na	Concentration, in milligrams per liter
432717112501502	USGS 110A	NO3+NO2	Concentration, in milligrams per liter
432955113025901	USGS 117	CL, Na, SO4	Concentration, in milligrams per liter
432955113025901	USGS 117	NO3+NO2	Concentration, in milligrams per liter
432945113023401	USGS 119	CL, Na, SO4	Concentration, in milligrams per liter
432945113023401	USGS 119	NO3+NO2	Concentration, in milligrams per liter
433450112560301	USGS 121	CL, Na, SO4	Concentration, in milligrams per liter
433450112560301	USGS 121	NO3+NO2	Concentration, in milligrams per liter
432602113052801	USGS 125	CL, Na	Concentration, in milligrams per liter
432602113052801	USGS 125	NO3+NO2	Concentration, in milligrams per liter
435529112471301	USGS 126A	CL, Na	Concentration, in milligrams per liter
435529112471301	USGS 126A	NO3+NO2	Concentration, in milligrams per liter
435529112471401	USGS 126B	CL, Na	Concentration, in milligrams per liter
435529112471401	USGS 126B	NO3+NO2	Concentration, in milligrams per liter
433716112563601	WS INEL 1	CL, Na, SO4	Concentration, in milligrams per liter
433716112563601	WS INEL 1	NO3+NO2, BR, TOC	Concentration, in milligrams per liter
13127700	BIG LOST RIVER AT MACKAY ID	CL	Concentration, in milligrams per liter
13132500	BIG LOST RIVER NR ARCO ID	CL, Na, SO4	Concentration, in milligrams per liter
13132500	BIG LOST RIVER NR ARCO ID	CA, MG, SI	Concentration, in milligrams per liter
13132500	BIG LOST RIVER NR ARCO ID	NO3+NO2, F, K	Concentration, in milligrams per liter
13132520	BIG LOST RIVER BL INL DIV NEAR ARCO ID	CL	Concentration, in milligrams per liter
13132545	BIG LOST RIVER AT EXPERIMENTAL DAIRY FARM NR HOWE	CL	Concentration, in milligrams per liter
13117020	BIRCH CREEK AT BLUE DOME INN NR RENO ID	CL	Concentration, in milligrams per liter
13119000	LITTLE LOST RIVER NR HOWE ID	CL, Na, SO4	Concentration, in milligrams per liter
13119000	LITTLE LOST RIVER NR HOWE ID	CA, MG, SI	Concentration, in milligrams per liter
13119000	LITTLE LOST RIVER NR HOWE ID	NO3+NO2, K	Concentration, in milligrams per liter
13115000	MUD LAKE NR TERRETON ID	CL, Na, SO4	Concentration, in milligrams per liter
13115000	MUD LAKE NR TERRETON ID	CA, MG, SI	Concentration, in milligrams per liter
13115000	MUD LAKE NR TERRETON ID	NO3+NO2, F, K	Concentration, in milligrams per liter
