Name,Lat_NAD83,Long_NAD83,Station_Na,Station_ID,August,October,March,Group,Elevation,Depth
BWR 1,43.786297,-114.425055,BIG WOOD RIVER NEAR KETCHUM,13135500,80.7,62.2,54.5,Big Wood River flow,6241,1.5
BWR 2,43.728332,-114.383108,"BIG WOOD RIVER AT HULEN ROAD BRIDGE NR KETCHUM, ID",13135840,131,98.8,94.5,Big Wood River flow,5969.62,2
BWR 3,43.688669,-114.373256,"BIG WOOD RIVER AT KETCHUM, ID",13136000,122,97.4,91.2,Big Wood River flow,5811.65,2
BWR 4,43.59735,-114.347014,"BIG WOOD RIVER AT GIMLET, ID",13138500,181,185,172,Big Wood River flow,5540.12,2
BWR 6,43.517222,-114.321667,"BIG WOOD RIVER AT HAILEY, ID TOTAL FLOW",13139510,156,192,197,Big Wood River flow,5299.2,2.2
BWR 7,43.491344,-114.295275,"BIG WOOD RIVER BLW N BROADFORD BRIDGE NR HAILEY,ID",432929114174300,122,166,175,Big Wood River flow,5243.44,2
BWR 8,43.467984,-114.26774,"BIG WOOD RIVER AT S BROADFORD CROSSING BELLVUE, ID",432805114160400,102,149,145,Big Wood River flow,5163.39,2
BWR 9,43.426292,-114.260725,"BIG WOOD RIVER AT GLENDALE BRIDGE NR BELLEVUE, ID",13140500,0.38,1.1,123,Big Wood River flow,5065.98,2
BWR9a,43.3979,-114.2708,"BIG WOOD RIVER AT SLUDER DR NR BELLEVUE, ID",432352114161500,0,0,96.9,Big Wood River flow,5003.77,2
BWR9b,43.3801,-114.2762,"BIG WOOD RIVER AT WOOD RIVER RANCH NR BELLEVUE, ID",432248114163400,0,0,80.4,Big Wood River flow,4967.85,2
BWR 10,43.3292,-114.3192,"BIG WOOD RIVER AT STANTON CROSSING NR BELLEVUE, ID",13140800,25.5,21.9,69.4,Big Wood River flow,4831.05,1.5
BWR 11,43.328,-114.3418,"BIG WOOD RIVER NR BELLEVUE, ID",13141000,64,69.4,109,Big Wood River flow,4826.15,2
Canal 1,43.429661,-114.261465,"BYPASS CANAL AT POINT OF DIVERSION NR BELLEVUE, ID",13140495,52,128,0.2,Diversion,5070.51,1
Canal 2,43.393835,-114.260913,"BYPASS CANAL AT ALPINE KENNELS NR BELLVUE, ID",432338114153900,44,116,0,Canal flow,5003.9,1
Canal 3,43.382788,-114.265102,"BYPASS CANAL ABV AND BLW DIVERSION NR BELLVUE, ID",13140600,35.5,91.1,0,Canal flow,4983.63,1
Canal 4,43.464917,-114.263778,"DISTRICT 45 CANAL AT POINT OF DIVERSON BELLVUE, ID",432754114155000,26.1,0.43,0,Diversion,5157.81,1
Canal 5,43.368194,-114.215583,"DISTRICT 45 CANAL AT PRICE LN NR BELLVUE, ID",432258114125600,0,0,0,Canal flow,4960.14,1
Canal 6,43.366559,-114.18052,"DISTRICT 45 CANAL AT LOVING CRK NR GANNETT, ID",432200114105000,2.8,0.1,0,Canal flow,4943.47,1
Canal 7,43.50543,-114.31209,"COVE CANAL AT POINT OF DIVERSON NR HAILEY, ID",433020114184400,13.6,3.89,0,Diversion,5267.29,1
Canal 8,43.42975,-114.259719,"GLENDALE CANAL AT POINT OF DIVERSON NR BELLVUE, ID",432547114153500,0.1,0.1,0,Diversion,5069.69,1
Canal 9,43.426102,-114.27231,"GLENDALE CANAL AT GLENDALE RD NR BELLVUE, ID",432534114162000,0,0,0,Canal flow,5109.68,1
Canal 10,43.580139,-114.3435,"HIAWATHA CANAL AT POINT OF DIVERSON NR GIMLET, ID",13138600,25,0.54,0,Diversion,5481.4,1
Canal 11,43.571075,-114.333632,"HIAWATHA CANAL AT US HWY 75 NR HAILEY, ID",433416114200100,20.1,0.1,0,Canal flow,5478.87,1
Canal 12,43.54084,-114.318,"HIAWATHA CANAL AT RED DEVIL RD NR HAILEY, ID",433227114190500,10.1,0.66,0,Canal flow,5406.2,1
Canal 13,43.39745,-114.227,"DISTRICT 45 CANAL AT PERO RD NR GANNETT, ID",432351114133700,0.1,0,0,Canal flow,5025,1
Trib 1,43.76483,-114.402176,"EAGLE CREEK AT US HWY 75 NR KETCHUM, ID",13135600,2.36,1.22,0.42,Tributary stream flow,6143.14,1
Trib 2,43.734444,-114.364444,"LAKE CREEK ABOVE MOUTH NR KETCHUM, ID",434404114215200,0.17,0.06,0,Tributary stream flow,6097.67,1
Trib 3,43.6834,-114.410208,"WARM SPRINGS CR AT GUYER HOT SPRINGS NR KETCHUM, ID",13136500,39.3,39.7,43.4,Tributary stream flow,5888.19,1
Trib 4,43.689722,-114.384722,"WARM SPRINGS CREEK NEAR KETCHUM, ID",13137000,39.2,39,42.9,Tributary stream flow,5820.21,1.2
Trib 5,43.720111,-114.328333,"TRAIL CREEK AT LEWIS POD NR KETCHUM, ID",13137400,0,0,14.4,Tributary stream flow,6044.59,1
Trib 6,43.677778,-114.361111,"TRAIL CREEK AT KETCHUM, ID",13137500,3.92,12.8,12.3,Tributary stream flow,5800.36,1.2
Trib 7,43.641234,-114.25473,"EF BIG WOOD RIVER BLW HYNDMAN NR TRIUMPH, ID",13137900,23.2,19.2,0,Tributary stream flow,6070.21,1
Trib 8,43.603056,-114.330278,"EAST FORK BIG WOOD RIVER AT GIMLET, ID",13138000,13.7,15,13.1,Tributary stream flow,5632.74,1.2
Trib 9,43.638043,-114.354934,"CLEAR CREEK AT US HWY 75 NR KETCHUM, ID",433817114211800,0.88,1.13,0.86,Tributary stream flow,5699.21,1
Trib 10,43.549889,-114.318889,"INDIAN CREEK ABV HIAWATHA CANAL NR HAILEY, ID",433300114190800,1.51,3.87,3.41,Tributary stream flow,5438.58,1
Trib 11,43.468,-114.194,"SEAMANS CREEK BTW PONDS NR BELLVUE, ID",432805114113800,0,0,0,Tributary stream flow,5492.19,1
Trib 12,43.801447,-114.420635,"NF BIG WOOD RIVER BLW MURDOCK CR NR KETCHUM, ID",13135510,30.8,18.8,0,Tributary stream flow,6371.42,1
Trib 13,43.786111,-114.419167,"NF BIG WOOD RIVER NR SAWTOOTH NRA HQ NR KETCHUM, ID",13135520,29.1,20.5,15.2,Tributary stream flow,6252.13,1.1
Trib 14,43.322222,-114.106667,"SILVER CREEK AT SPORTSMAN ACCESS NR PICABO, ID",13150430,96.9,121,132,Silver Creek flow,4843,1.6
Trib 15,43.283647,-114.017794,"SILVER CREEK NEAR HWY 20 NEAR PICABO, ID",13150500,85.9,133,132,Silver Creek flow,4796.69,2
Trib 16,43.323056,-114.323611,"WILLOW CREEK NR SPRING CR RANCH NR BELLEVUE, ID",13140900,45.1,43.3,29.9,Spring fed creeks,4833.5,1
Trib 17,43.769796,-114.41287,"CHOCOLATE GULCH CREEK NR KETCHUM, ID",434611114244600,0,0,0,Tributary stream flow,6189.93,1
Trib 18,43.756967,-114.401883,"FOX CREEK AT MOUTH NR KETCHUM, ID",13135700,1.01,1.63,3.06,Tributary stream flow,6089.37,1
Trib 19,43.330917,-114.163235,"GROVE CREEK AT US HWY 20 NR GANNETT, ID",13150360,43.1,35,36.5,Spring fed creeks,4882.78,1
Trib 20,43.330997,-114.152993,"LOVING CREEK AT US HWY 20 NR GANNETT, ID",13150400,22.1,29.9,31.4,Spring fed creeks,4873.56,1
Trib 21,43.331032,-114.169767,"WILSON CREEK AT US HWY 20 NR GANNETT, ID",13150350,10.1,10.5,12.1,Spring fed creeks,4883.37,1
Trib 22,43.330955,-114.184173,"MUD CREEK AT US HWY 20 NR GANNETT, ID",13150300,4.51,4.52,4.99,Spring fed creeks,4891.99,1
Trib 23,43.330902,-114.197772,"CHANEY CREEK AT US HWY 20 NR GANNETT, ID",13150150,11.9,10.8,14,Spring fed creeks,4897.44,1
Trib 24,43.330823,-114.206598,"CAIN CREEK AT US HWY 20 NR GANNETT, ID",13150140,4.08,1.75,1.77,Spring fed creeks,4903.41,1
Trib 25,43.330743,-114.225743,PATTON CREEK,431947114133300,3.97,0.82,1.11,Spring fed creeks,4904.13,1
Trib 26,43.330617,-114.235733,"BUTLER DRAIN AT US HWY 20 NR GANNETT, ID",13150010,4.43,1.29,1.04,Spring fed creeks,4903.41,1
